<?xml version="1.0" encoding="UTF-8"?>

<channels xmlns:xs="http://www.w3.org/2001/XMLSchema">
  <channel>
    <id>e68bc8fc-0d46-41bb-9c3b-13a9c1f412fd</id>
    <name>虚拟主机</name>
    <templet></templet>
    <contenttemplet></contenttemplet>
    <parid>c81fccdb-ac5b-45cf-b36f-18aec59520b6</parid>
    <url></url>
    <state>1</state>
    <navigation>1</navigation>
    <pagemark>host</pagemark>
  </channel>
  <channel>
    <id>0d2cd0d5-3f8d-4ab4-a6b2-ee03de5a8fb1</id>
    <name>手机软件开发</name>
    <templet></templet>
    <contenttemplet></contenttemplet>
    <parid>c41bf1c1-1c02-4084-b0c6-4383f54c1c03</parid>
    <url></url>
    <state>1</state>
    <ordernum>1</ordernum>
    <navigation>1</navigation>
    <pagemark>msoft</pagemark>
  </channel>
  <channel>
    <id>471ebc5c-7857-4bb7-abca-95955974a1be</id>
    <name>公司简介</name>
    <templet></templet>
    <contenttemplet></contenttemplet>
    <parid>8a5637b1-08d0-4149-8612-3fc16ad158e0</parid>
    <url></url>
    <state>1</state>
    <ordernum>1</ordernum>
    <navigation>1</navigation>
    <pagemark>profile</pagemark>
  </channel>
  <channel>
    <id>4e42d433-e3ee-4655-94c0-7b87495afe83</id>
    <name>软件定制开发</name>
    <templet></templet>
    <contenttemplet></contenttemplet>
    <parid>d7f3eb60-8f63-4cee-aeab-18131ec6fd4d</parid>
    <url></url>
    <state>1</state>
    <ordernum>1</ordernum>
    <navigation>1</navigation>
    <pagemark>softcustom</pagemark>
  </channel>
  <channel>
    <id>76577e05-7293-43c7-a583-f652f5ad5c46</id>
    <name>博丰动态</name>
    <templet>信息列表.html</templet>
    <contenttemplet></contenttemplet>
    <parid>2ca25ff6-eebd-4eec-b60b-08de9318c048</parid>
    <url></url>
    <state>1</state>
    <ordernum>1</ordernum>
    <navigation>1</navigation>
    <pagemark>bfdt</pagemark>
  </channel>
  <channel>
    <id>8a5637b1-08d0-4149-8612-3fc16ad158e0</id>
    <name>关于博丰</name>
    <templet>跳转到第一个子栏目.html</templet>
    <contenttemplet></contenttemplet>
    <url></url>
    <state>1</state>
    <ordernum>1</ordernum>
    <navigation>1</navigation>
    <pagemark>aboutbf</pagemark>
  </channel>
  <channel>
    <id>94b3b6b2-8ad9-492d-937b-7316bd559698</id>
    <name>政府门户网站建设</name>
    <templet></templet>
    <contenttemplet></contenttemplet>
    <parid>b25be563-1d25-427c-9996-8da6eedaf9ee</parid>
    <url></url>
    <state>1</state>
    <ordernum>1</ordernum>
    <navigation>1</navigation>
    <pagemark>gov</pagemark>
  </channel>
  <channel>
    <id>b1800932-5620-42f4-aa16-1c04dda3b902</id>
    <name>域名注册</name>
    <templet></templet>
    <contenttemplet></contenttemplet>
    <parid>c81fccdb-ac5b-45cf-b36f-18aec59520b6</parid>
    <url></url>
    <state>1</state>
    <ordernum>1</ordernum>
    <navigation>1</navigation>
    <pagemark>domain</pagemark>
  </channel>
  <channel>
    <id>fa85af55-82f8-47ec-a805-1241440e76e6</id>
    <name>联系方式</name>
    <templet></templet>
    <contenttemplet></contenttemplet>
    <parid>4a2c3cd7-ad26-4448-940d-0f339e24ee17</parid>
    <url></url>
    <state>1</state>
    <ordernum>1</ordernum>
    <navigation>1</navigation>
    <pagemark>contact</pagemark>
  </channel>
  <channel>
    <id>0bf0ae54-17d9-4200-9d02-7e43402c071f</id>
    <name>手机网站建设</name>
    <templet></templet>
    <contenttemplet></contenttemplet>
    <parid>c41bf1c1-1c02-4084-b0c6-4383f54c1c03</parid>
    <url></url>
    <state>1</state>
    <ordernum>2</ordernum>
    <navigation>1</navigation>
    <pagemark>msite</pagemark>
  </channel>
  <channel>
    <id>2ca25ff6-eebd-4eec-b60b-08de9318c048</id>
    <name>新闻中心</name>
    <templet>跳转到第一个子栏目.html</templet>
    <contenttemplet></contenttemplet>
    <url></url>
    <state>1</state>
    <ordernum>2</ordernum>
    <navigation>1</navigation>
    <pagemark>news</pagemark>
  </channel>
  <channel>
    <id>7ee832d6-2447-469f-ad0c-26abb641f70f</id>
    <name>行业门户网站建设</name>
    <templet></templet>
    <contenttemplet></contenttemplet>
    <parid>b25be563-1d25-427c-9996-8da6eedaf9ee</parid>
    <url></url>
    <state>1</state>
    <ordernum>2</ordernum>
    <navigation>1</navigation>
    <pagemark>portal</pagemark>
  </channel>
  <channel>
    <id>a9658bff-60b9-4e4f-a164-3f6e2bc7eb68</id>
    <name>加入我们</name>
    <templet></templet>
    <contenttemplet></contenttemplet>
    <parid>4a2c3cd7-ad26-4448-940d-0f339e24ee17</parid>
    <url></url>
    <state>1</state>
    <ordernum>2</ordernum>
    <navigation>1</navigation>
    <pagemark>job</pagemark>
  </channel>
  <channel>
    <id>c32e4169-e86b-401a-b35e-943e128a934a</id>
    <name>解决方案</name>
    <templet>信息列表.html</templet>
    <contenttemplet></contenttemplet>
    <parid>d7f3eb60-8f63-4cee-aeab-18131ec6fd4d</parid>
    <url></url>
    <state>1</state>
    <ordernum>2</ordernum>
    <navigation>1</navigation>
    <pagemark>solution</pagemark>
  </channel>
  <channel>
    <id>e3b744ee-4103-42fd-87ad-6891082931d1</id>
    <name>行业动态</name>
    <templet>信息列表.html</templet>
    <contenttemplet></contenttemplet>
    <parid>2ca25ff6-eebd-4eec-b60b-08de9318c048</parid>
    <url></url>
    <state>1</state>
    <ordernum>2</ordernum>
    <navigation>1</navigation>
    <pagemark>hydt</pagemark>
  </channel>
  <channel>
    <id>1c01216e-02de-4280-af62-45dc99d62f55</id>
    <name>交通地图</name>
    <templet></templet>
    <contenttemplet></contenttemplet>
    <parid>4a2c3cd7-ad26-4448-940d-0f339e24ee17</parid>
    <url></url>
    <state>1</state>
    <ordernum>3</ordernum>
    <navigation>1</navigation>
    <pagemark>map</pagemark>
  </channel>
  <channel>
    <id>26922133-16a6-413e-acf9-3af4a27e51be</id>
    <name>网站推广</name>
    <templet></templet>
    <contenttemplet></contenttemplet>
    <parid>c81fccdb-ac5b-45cf-b36f-18aec59520b6</parid>
    <url></url>
    <state>1</state>
    <ordernum>3</ordernum>
    <navigation>1</navigation>
    <pagemark>seo</pagemark>
  </channel>
  <channel>
    <id>270c0b76-fe97-4529-af19-be7f765c7468</id>
    <name>WS应用集成系统</name>
    <templet></templet>
    <contenttemplet></contenttemplet>
    <parid>d7f3eb60-8f63-4cee-aeab-18131ec6fd4d</parid>
    <url></url>
    <state>1</state>
    <ordernum>3</ordernum>
    <navigation>1</navigation>
    <pagemark>ws</pagemark>
  </channel>
  <channel>
    <id>d7f3eb60-8f63-4cee-aeab-18131ec6fd4d</id>
    <name>软件开发</name>
    <templet>跳转到第一个子栏目.html</templet>
    <contenttemplet></contenttemplet>
    <url></url>
    <state>1</state>
    <ordernum>3</ordernum>
    <navigation>1</navigation>
    <pagemark>soft</pagemark>
  </channel>
  <channel>
    <id>5c4269af-b534-4f5b-9be1-2364351cf40a</id>
    <name>企业门户网站建设</name>
    <templet></templet>
    <contenttemplet></contenttemplet>
    <parid>b25be563-1d25-427c-9996-8da6eedaf9ee</parid>
    <url></url>
    <state>1</state>
    <ordernum>4</ordernum>
    <navigation>1</navigation>
    <pagemark>com</pagemark>
  </channel>
  <channel>
    <id>aa1007e0-906e-42c1-bef2-d8396608683b</id>
    <name>WSCMS(内容管理系统)</name>
    <templet></templet>
    <contenttemplet></contenttemplet>
    <parid>d7f3eb60-8f63-4cee-aeab-18131ec6fd4d</parid>
    <url></url>
    <state>1</state>
    <ordernum>4</ordernum>
    <navigation>1</navigation>
    <pagemark>wscms</pagemark>
  </channel>
  <channel>
    <id>b25be563-1d25-427c-9996-8da6eedaf9ee</id>
    <name>网站建设</name>
    <templet>跳转到第一个子栏目.html</templet>
    <contenttemplet></contenttemplet>
    <url></url>
    <state>1</state>
    <ordernum>4</ordernum>
    <navigation>1</navigation>
    <pagemark>website</pagemark>
  </channel>
  <channel>
    <id>faada5ba-0c25-4812-b635-23baef8c9812</id>
    <name>企业邮箱</name>
    <templet></templet>
    <contenttemplet></contenttemplet>
    <parid>c81fccdb-ac5b-45cf-b36f-18aec59520b6</parid>
    <url></url>
    <state>1</state>
    <ordernum>4</ordernum>
    <navigation>1</navigation>
    <pagemark>mail</pagemark>
  </channel>
  <channel>
    <id>764ec0eb-31c1-4c15-8f48-140b2883e808</id>
    <name>常见问题</name>
    <templet>信息列表.html</templet>
    <contenttemplet></contenttemplet>
    <parid>b25be563-1d25-427c-9996-8da6eedaf9ee</parid>
    <url></url>
    <state>1</state>
    <ordernum>5</ordernum>
    <navigation>1</navigation>
    <pagemark>FAQ</pagemark>
  </channel>
  <channel>
    <id>c41bf1c1-1c02-4084-b0c6-4383f54c1c03</id>
    <name>手机开发</name>
    <templet>跳转到第一个子栏目.html</templet>
    <contenttemplet></contenttemplet>
    <url></url>
    <state>1</state>
    <ordernum>5</ordernum>
    <navigation>1</navigation>
    <pagemark>mobile</pagemark>
  </channel>
  <channel>
    <id>c81fccdb-ac5b-45cf-b36f-18aec59520b6</id>
    <name>增值服务</name>
    <templet>跳转到第一个子栏目.html</templet>
    <contenttemplet></contenttemplet>
    <url></url>
    <state>1</state>
    <ordernum>6</ordernum>
    <navigation>1</navigation>
    <pagemark>added</pagemark>
  </channel>
  <channel>
    <id>dab9fce5-57cc-48f9-951f-5836f0c518a5</id>
    <name>400电话</name>
    <templet></templet>
    <contenttemplet></contenttemplet>
    <parid>c81fccdb-ac5b-45cf-b36f-18aec59520b6</parid>
    <url></url>
    <state>1</state>
    <ordernum>6</ordernum>
    <navigation>1</navigation>
    <pagemark>400</pagemark>
  </channel>
  <channel>
    <id>e119da91-9d50-48f4-ac60-7b58e5d33526</id>
    <name>网站建站流程</name>
    <templet></templet>
    <contenttemplet></contenttemplet>
    <parid>b25be563-1d25-427c-9996-8da6eedaf9ee</parid>
    <url></url>
    <state>1</state>
    <ordernum>6</ordernum>
    <navigation>1</navigation>
    <pagemark>flow</pagemark>
  </channel>
  <channel>
    <id>4a2c3cd7-ad26-4448-940d-0f339e24ee17</id>
    <name>联系我们</name>
    <templet>跳转到第一个子栏目.html</templet>
    <contenttemplet></contenttemplet>
    <url></url>
    <state>1</state>
    <ordernum>7</ordernum>
    <navigation>1</navigation>
    <pagemark>contactus</pagemark>
  </channel>
  <channel>
    <id>1d75a339-0375-4075-9acd-04b1668b2da3</id>
    <name>观点</name>
    <templet>信息列表_无栏目.html</templet>
    <contenttemplet></contenttemplet>
    <url></url>
    <state>1</state>
    <ordernum>8</ordernum>
    <navigation>0</navigation>
    <pagemark>gd</pagemark>
  </channel>
  <channel>
    <id>27bafd0d-b20e-48c3-92e6-3ab6ab941f09</id>
    <name>精彩案例</name>
    <templet>信息图片列表.html</templet>
    <contenttemplet></contenttemplet>
    <parid>b25be563-1d25-427c-9996-8da6eedaf9ee</parid>
    <url></url>
    <state>1</state>
    <ordernum>8</ordernum>
    <navigation>1</navigation>
    <pagemark>jcal</pagemark>
  </channel>
</channels>
