<?xml version="1.0" encoding="UTF-8"?>

<channels xmlns:xs="http://www.w3.org/2001/XMLSchema">
  <channel>
    <id>1fdc8800-8afd-4d4e-8b26-9c7acbdd4655</id>
    <name>PPP项目咨询</name>
    <templet></templet>
    <contenttemplet></contenttemplet>
    <parid>22d725ac-dd57-404a-b6a5-86c7242fb41d</parid>
    <url></url>
    <state>1</state>
    <navigation>1</navigation>
    <pagemark>gsywppp</pagemark>
  </channel>
  <channel>
    <id>74c68869-a8f4-4e50-aeef-e0b31357f9a2</id>
    <name>公司简介</name>
    <templet></templet>
    <contenttemplet></contenttemplet>
    <url></url>
    <state>1</state>
    <ordernum>1</ordernum>
    <navigation>1</navigation>
    <pagemark>gsjj</pagemark>
  </channel>
  <channel>
    <id>829dccb2-2585-40c8-8124-77affc4236fd</id>
    <name>公司情况</name>
    <templet></templet>
    <contenttemplet></contenttemplet>
    <parid>74c68869-a8f4-4e50-aeef-e0b31357f9a2</parid>
    <url></url>
    <state>1</state>
    <ordernum>1</ordernum>
    <navigation>1</navigation>
    <pagemark>gsjjgsqk</pagemark>
  </channel>
  <channel>
    <id>22d725ac-dd57-404a-b6a5-86c7242fb41d</id>
    <name>公司业务</name>
    <templet></templet>
    <contenttemplet></contenttemplet>
    <url></url>
    <state>1</state>
    <ordernum>2</ordernum>
    <navigation>1</navigation>
    <pagemark></pagemark>
  </channel>
  <channel>
    <id>dc81aace-7335-48ca-a13f-4d3a43ade271</id>
    <name>领导班子</name>
    <templet></templet>
    <contenttemplet></contenttemplet>
    <parid>74c68869-a8f4-4e50-aeef-e0b31357f9a2</parid>
    <url></url>
    <state>1</state>
    <ordernum>2</ordernum>
    <navigation>1</navigation>
    <pagemark>gsjjldbz</pagemark>
  </channel>
  <channel>
    <id>da750bed-5598-41a3-bfe4-bacb725ba4d4</id>
    <name>党群</name>
    <templet></templet>
    <contenttemplet></contenttemplet>
    <url></url>
    <state>1</state>
    <ordernum>3</ordernum>
    <navigation>1</navigation>
    <pagemark></pagemark>
  </channel>
</channels>
